Song,song,count,tracktype,comment
23 Beats Off,23 Beats Off,27,1,
And The Same,And The Same,395,1,
And The Same Drum and Bass Jam,And The Same Drum and Bass Jam,1,1,
And The Same Instrumental,And The Same Instrumental,1,1,
Argument,Argument,76,1,
Arpeggiator,Arpeggiator,163,1,
Back to Base,Back to Base,142,1,
Bad Mouth,Bad Mouth,312,1,
Bed For The Scraping,Bed For The Scraping,310,1,
Birthday Pony,Birthday Pony,203,1,
Blueprint,Blueprint,608,1,
Break,Break,177,1,
Break Instrumental,Break Instrumental,2,1,
Break-In,Break-In,146,1,
Brendan #1,Brendan #1,170,1,
Bulldog Front,Bulldog Front,249,1,
Burning,Burning,243,1,
Burning Too,Burning Too,238,1,
By You,By You,232,1,
By You Instrumental,By You Instrumental,4,1,
Cashout,Cashout,67,1,
Cassavetes,Cassavetes,177,1,
Cassavetes Instrumental,Cassavetes Instrumental,3,1,
Caustic Acrostic,Caustic Acrostic,53,1,
Closed Captioned,Closed Captioned,168,1,
Closed Captioned Instrumental,Closed Captioned Instrumental,1,1,
Combination Lock,Combination Lock,21,1,
Dear Justice Letter,Dear Justice Letter,152,1,
Do You Like Me,Do You Like Me,282,1,
Downed City,Downed City,116,1,
Encore,,322,0,remove?
Encore - Comedy Of Life,Encore - Comedy Of Life,1,1,
Encore 4,,1,0,remove?
Epic Problem,Epic Problem,34,1,
Ex-Spectator,Ex-Spectator,36,1,
Ex-Spectator Instrumental,Ex-Spectator Instrumental,16,1,
Exit Only,Exit Only,282,1,
FD,FD,122,1,
Facet Squared,Facet Squared,301,1,
Facet Squared Instrumental,Facet Squared Instrumental,6,1,
"Fell, Destroyed","Fell, Destroyed",122,1,
"Fell, Destroyed Instrumental","Fell, Destroyed Instrumental",13,1,
Five Corporations,Five Corporations,113,1,
Floating Boy,Floating Boy,99,1,
Floating Boy Instrumental,Floating Boy Instrumental,8,1,
Foreman's Dog,Foreman's Dog,34,1,
Forensic Scene,Forensic Scene,203,1,
Full Disclosure,Full Disclosure,29,1,
Furniture,Furniture,108,1,
Give Me The Cure,Give Me The Cure,401,1,
Glueman,Glueman,148,1,
Great Cop,Great Cop,276,1,
Great Cop Instrumental,Great Cop Instrumental,1,1,
Greed,Greed,199,1,
Guilford Fall,Guilford Fall,26,1,
Guilford Fall Instrumental,Guilford Fall Instrumental,6,1,
Heart on My Chest,Heart on My Chest,1,1,
Hello Morning,Hello Morning,2,1,
Hello Morning Seed,Hello Morning Seed,1,1,
I Spent It All,I Spent It All,1,1,
Ice Cream Eating MotherFucker,Ice Cream Eating MotherFucker,1,1,
In Defense Of Humans,In Defense Of Humans,31,1,
Instrument,Instrument,282,1,
Instrumental Interlude,Instrumental Interlude,1,1,
Interlude 11,,1,0,remove?
Joe #1,Joe #1,136,1,
KYEO,KYEO,183,1,
Last Chance For A Slow Dance,Last Chance For A Slow Dance,138,1,
Latest Disgrace,Latest Disgrace,39,1,
Latin Roots,Latin Roots,186,1,
Latin Roots Acapella,Latin Roots Acapella,1,1,
Life and Limb,Life and Limb,24,1,
Link Track,Link Track,6,1,
Lock Dug,Lock Dug,1,1,
Lockdown,Lockdown,183,1,
Lockdown Instrumental,Lockdown Instrumental,1,1,
Long Distance Runner,Long Distance Runner,114,1,
Long Division,Long Division,517,1,
Long Division Instrumental,Long Division Instrumental,6,1,
Margin Walker,Margin Walker,467,1,
Merchandise,Merchandise,495,1,
NSA,NSA,1,1,
Nedcars,Nedcars,1,1,
Nice New Outfit,Nice New Outfit,119,1,
Nightshop,Nightshop,46,1,
No Surprise,No Surprise,97,1,
Noisy Dub,Noisy Dub,1,1,
Number 5,Number 5,120,1,
Oh,Oh,90,1,
Oh Instrumental,Oh Instrumental,1,1,
Outside the Gig!,Outside the Gig!,1,1,
Pink Frosty,Pink Frosty,57,1,
Pink Frosty Instrumental,Pink Frosty Instrumental,12,1,
Place Position,Place Position,140,1,
Polish,Polish,6,1,
Preprovisional,Preprovisional,6,1,
Promises,Promises,386,1,
Promises Bit,Promises Bit,2,1,
Promises Bit Soundcheck,Promises Bit Soundcheck,1,1,
Promises Coda Instrumental,Promises Coda Instrumental,3,1,
Provisional,Provisional,12,1,
Provisional Medley,Provisional Medley,1,1,
Public Witness Program,Public Witness Program,273,1,
Recap Modotti,Recap Modotti,151,1,
Reclamation,Reclamation,609,1,
Reclamation Instrumental,Reclamation Instrumental,3,1,
Remarks,,1,0,remove?
Rend It,Rend It,354,1,
Repeater,Repeater,427,1,
Reprovisional,Reprovisional,284,1,
Returning The Screw,Returning The Screw,138,1,
Runaway Return,Runaway Return,273,1,
Set the Charges,Set the Charges,1,1,
She Is Blind,She Is Blind,1,1,
Shut the Door,Shut the Door,342,1,
Sieve-Fisted Find,Sieve-Fisted Find,435,1,
Smallpox Champion,Smallpox Champion,265,1,
Song #1,Song #1,353,1,
Soundcheck,Soundcheck,3,1,
Stacks,Stacks,156,1,
Steady Diet,Steady Diet,46,1,
Strange Disclosure,Strange Disclosure,1,1,
Strangelight,Strangelight,19,1,
Styrofoam,Styrofoam,294,1,
Suggestion,Suggestion,372,1,
Suggestion Instrumental,Suggestion Instrumental,1,1,
Surf Tune 1,Surf Tune 1,1,1,
Surf Tune 2,Surf Tune 2,1,1,
Surf Tune 3,Surf Tune 3,1,1,
Sweet And Low,Sweet And Low,254,1,
Target,Target,267,1,
The Kill,The Kill,37,1,
The Word,The Word,37,1,
Turn Off Your Guns,Turn Off Your Guns,17,1,
Turnover,Turnover,416,1,
Two Beats Off,Two Beats Off,390,1,
Two Beats Off Instrumental,Two Beats Off Instrumental,2,1,
Version,Version,36,1,
Waiting Room,Waiting Room,675,1,
Walken's Syndrome,Walken's Syndrome,147,1,
World Beat,World Beat,2,1,
